family,father,mother,children,childNum,sex,childHeight
1,78.5,67,4,1,male,73.2
1,78.5,67,4,2,female,69.2
1,78.5,67,4,3,female,69
1,78.5,67,4,4,female,69
2,75.5,66.5,4,1,male,73.5
2,75.5,66.5,4,2,male,72.5
2,75.5,66.5,4,3,female,65.5
2,75.5,66.5,4,4,female,65.5
3,75,64,2,1,male,71
3,75,64,2,2,female,68
4,75,64,5,1,male,70.5
4,75,64,5,2,male,68.5
4,75,64,5,3,female,67
4,75,64,5,4,female,64.5
4,75,64,5,5,female,63
5,75,58.5,6,1,male,72
5,75,58.5,6,2,male,69
5,75,58.5,6,3,male,68
5,75,58.5,6,4,female,66.5
5,75,58.5,6,5,female,62.5
5,75,58.5,6,6,female,62.5
6,74,68,1,1,female,69.5
7,74,68,6,1,male,76.5
7,74,68,6,2,male,74
7,74,68,6,3,male,73
7,74,68,6,4,male,73
7,74,68,6,5,female,70.5
7,74,68,6,6,female,64
8,74,66.5,3,1,female,70.5
8,74,66.5,3,2,female,68
8,74,66.5,3,3,female,66
9,74.5,66,1,1,female,66
10,74,65.5,1,1,female,65.5
11,74,62,8,1,male,74
11,74,62,8,2,male,70
11,74,62,8,3,female,68
11,74,62,8,4,female,67
11,74,62,8,5,female,67
11,74,62,8,6,female,66
11,74,62,8,7,female,63.5
11,74,62,8,8,female,63
12,74,61,1,1,female,65
13,73,67,2,1,male,71
13,73,67,2,2,female,62
14,73,67,2,1,male,68
14,73,67,2,2,male,67
15,73,66.5,3,1,male,71
15,73,66.5,3,2,male,70.5
15,73,66.5,3,3,female,66.7
16,73,65,9,1,male,72
16,73,65,9,2,male,70.5
16,73,65,9,3,male,70.2
16,73,65,9,4,male,70.2
16,73,65,9,5,male,69.2
16,73,65,9,6,female,68.7
16,73,65,9,7,female,66.5
16,73,65,9,8,female,64.5
16,73,65,9,9,female,63.5
17,73,64.5,6,1,male,74
17,73,64.5,6,2,male,73
17,73,64.5,6,3,male,71.5
17,73,64.5,6,4,male,62.5
17,73,64.5,6,5,female,66.5
17,73,64.5,6,6,female,62.3
18,73,64,3,1,female,66
18,73,64,3,2,female,64.5
18,73,64,3,3,female,64
19,73.2,63,1,1,female,62.7
20,72.7,69,8,1,male,73.2
20,72.7,69,8,2,male,73
20,72.7,69,8,3,male,72.7
20,72.7,69,8,4,female,70
20,72.7,69,8,5,female,69
20,72.7,69,8,6,female,68.5
20,72.7,69,8,7,female,68
20,72.7,69,8,8,female,66
21,72,68,3,1,male,73
21,72,68,3,2,female,68.5
21,72,68,3,3,female,68
22,72,67,3,1,male,73
22,72,67,3,2,male,71
22,72,67,3,3,female,67
23,72,65,7,1,male,74.2
23,72,65,7,2,male,70.5
23,72,65,7,3,male,69.5
23,72,65,7,4,female,66
23,72,65,7,5,female,65.5
23,72,65,7,6,female,65
23,72,65,7,7,female,65
24,72,65.5,1,1,female,65.5
25,72,64,2,1,female,66
25,72,64,2,2,female,63
26,72,63,5,1,male,70.5
26,72,63,5,2,male,70.5
26,72,63,5,3,male,69
26,72,63,5,4,female,65
26,72,63,5,5,female,63
27,72,63,3,1,male,69
27,72,63,3,2,male,67
27,72,63,3,3,female,63
28,72,63,6,1,male,73
28,72,63,6,2,male,67
28,72,63,6,3,female,70.5
28,72,63,6,4,female,70
28,72,63,6,5,female,66.5
28,72,63,6,6,female,63
29,72.5,63.5,3,1,female,67.5
29,72.5,63.5,3,2,female,67.2
29,72.5,63.5,3,3,female,66.7
30,72,62,1,1,female,64
31,72.5,62,6,1,male,71
31,72.5,62,6,2,male,70
31,72.5,62,6,3,male,70
31,72.5,62,6,4,female,66
31,72.5,62,6,5,female,65
31,72.5,62,6,6,female,65
32,72,62,5,1,male,74
32,72,62,5,2,male,72
32,72,62,5,3,male,69
32,72,62,5,4,female,67.5
32,72,62,5,5,female,63.5
33,72,62,5,1,male,72
33,72,62,5,2,male,71.5
33,72,62,5,3,male,71.5
33,72,62,5,4,male,70
33,72,62,5,5,female,68
34,72,61,1,1,female,65.7
35,71,69,5,1,male,78
35,71,69,5,2,male,74
35,71,69,5,3,male,73
35,71,69,5,4,male,72
35,71,69,5,5,female,67
36,71,67,4,1,male,73.2
36,71,67,4,2,male,73
36,71,67,4,3,male,69
36,71,67,4,4,female,67
37,71,66,4,1,male,70
37,71,66,4,2,female,67
37,71,66,4,3,female,67
37,71,66,4,4,female,66.5
38,71,66,6,1,male,70
38,71,66,6,2,male,69
38,71,66,6,3,male,68.5
38,71,66,6,4,female,66
38,71,66,6,5,female,64.5
38,71,66,6,6,female,63
39,71,66,2,1,male,71
39,71,66,2,2,female,67
40,71,66,5,1,male,76
40,71,66,5,2,male,72
40,71,66,5,3,male,71
40,71,66,5,4,male,66
40,71,66,5,5,female,66
41,71.7,65.5,1,1,male,70.5
42,71,65.5,6,1,male,72
42,71,65.5,6,2,male,72
42,71,65.5,6,3,male,71
42,71,65.5,6,4,male,69
42,71,65.5,6,5,female,66
42,71,65.5,6,6,female,65
43,71.5,65.5,2,1,male,73
43,71.5,65.5,2,2,female,65.2
44,71.5,65,2,1,male,68.5
44,71.5,65,2,2,male,67.7
45,71,65,3,1,male,68
45,71,65,3,2,male,68
45,71,65,3,3,female,62
46,71,64,8,1,female,68
46,71,64,8,2,female,68
46,71,64,8,3,female,67.5
46,71,64,8,4,female,66.5
46,71,64,8,5,female,66.5
46,71,64,8,6,female,66
46,71,64,8,7,female,65.5
46,71,64,8,8,female,65
47,71.7,64.5,4,1,male,72
47,71.7,64.5,4,2,male,71
47,71.7,64.5,4,3,male,70.5
47,71.7,64.5,4,4,female,67
48,71,64,3,1,male,68
48,71,64,3,2,male,68
48,71,64,3,3,male,68
49,71.5,64.5,7,1,male,72
49,71.5,64.5,7,2,male,71
49,71.5,64.5,7,3,male,70
49,71.5,64.5,7,4,female,66
49,71.5,64.5,7,5,female,64.5
49,71.5,64.5,7,6,female,64.5
49,71.5,64.5,7,7,female,62
50,71,64.5,2,1,male,73
50,71,64.5,2,2,female,62
51,71.2,63,2,1,female,67.5
51,71.2,63,2,2,female,64.5
52,71,63.5,5,1,male,71
52,71,63.5,5,2,male,67
52,71,63.5,5,3,female,66
52,71,63.5,5,4,female,65
52,71,63.5,5,5,female,63.5
53,71,63,9,1,male,71
53,71,63,9,2,male,70
53,71,63,9,3,male,70
53,71,63,9,4,male,64
53,71,63,9,5,female,65
53,71,63,9,6,female,65
53,71,63,9,7,female,64
53,71,63,9,8,female,63
53,71,63,9,9,female,63
54,71,63,4,1,male,71
54,71,63,4,2,male,71
54,71,63,4,3,male,70
54,71,63,4,4,female,63.5
55,71,62,5,1,male,71
55,71,62,5,2,male,70
55,71,62,5,3,female,64.5
55,71,62,5,4,female,62.5
55,71,62,5,5,female,61.5
56,71,62,5,1,male,72
56,71,62,5,2,male,70.5
56,71,62,5,3,male,70.5
56,71,62,5,4,female,64.5
56,71,62,5,5,female,60
57,71,62.5,5,1,male,70
57,71,62.5,5,2,female,64
57,71,62.5,5,3,female,64
57,71,62.5,5,4,female,64
57,71,62.5,5,5,female,62.5
58,71,62,7,1,male,70.5
58,71,62,7,2,male,70
58,71,62,7,3,male,69
58,71,62,7,4,male,69
58,71,62,7,5,male,66
58,71,62,7,6,female,64.5
58,71,62,7,7,female,64
59,71,61,1,1,female,62
60,71,58,2,1,male,71.5
60,71,58,2,2,male,69
61,70,69,4,1,male,71
61,70,69,4,2,male,70
61,70,69,4,3,male,69
61,70,69,4,4,female,69
62,70,69,6,1,male,70
62,70,69,6,2,male,68.7
62,70,69,6,3,female,68
62,70,69,6,4,female,66
62,70,69,6,5,female,64
62,70,69,6,6,female,62
63,70,68,1,1,male,75
64,70,67,5,1,male,70
64,70,67,5,2,male,69
64,70,67,5,3,female,66
64,70,67,5,4,female,64
64,70,67,5,5,female,60
65,70,67,1,1,female,67.5
66,70,66.5,11,1,male,73
66,70,66.5,11,2,male,72
66,70,66.5,11,3,male,72
66,70,66.5,11,4,male,66.5
66,70,66.5,11,5,female,69.2
66,70,66.5,11,6,female,67.2
66,70,66.5,11,7,female,66.5
66,70,66.5,11,8,female,66
66,70,66.5,11,9,female,66
66,70,66.5,11,10,female,64.2
66,70,66.5,11,11,female,63.7
67,70.5,65,4,1,male,72
67,70.5,65,4,2,male,70.2
67,70.5,65,4,3,male,69
67,70.5,65,4,4,male,68.5
68,70.5,65,5,1,female,68
68,70.5,65,5,2,female,65
68,70.5,65,5,3,female,61.5
68,70.5,65,5,4,female,61
68,70.5,65,5,5,female,61
69,70,65,8,1,male,73
69,70,65,8,2,male,72
69,70,65,8,3,male,70.5
69,70,65,8,4,male,65
69,70,65,8,5,male,65
69,70,65,8,6,female,64.5
69,70,65,8,7,female,63
69,70,65,8,8,female,62
70,70,65,5,1,male,67
70,70,65,5,2,male,65
70,70,65,5,3,female,64.5
70,70,65,5,4,female,62.5
70,70,65,5,5,female,62.5
71,70,65,6,1,male,70
71,70,65,6,2,male,70
71,70,65,6,3,female,67
71,70,65,6,4,female,65
71,70,65,6,5,female,65
71,70,65,6,6,female,63
72,70,65,7,1,male,79
72,70,65,7,2,male,75
72,70,65,7,3,male,71
72,70,65,7,4,female,69
72,70,65,7,5,female,67
72,70,65,7,6,female,65.7
72,70,65,7,7,female,62
73,70,65,3,1,male,73
73,70,65,3,2,male,72.5
73,70,65,3,3,female,65
74,70,65,2,1,male,69
74,70,65,2,2,male,69
75,70,64.7,7,1,male,72
75,70,64.7,7,2,male,70
75,70,64.7,7,3,male,68.7
75,70,64.7,7,4,female,66.5
75,70,64.7,7,5,female,65.5
75,70,64.7,7,6,female,64.7
75,70,64.7,7,7,female,64.5
76,70,64,7,1,male,70.7
76,70,64,7,2,male,70
76,70,64,7,3,male,68
76,70,64,7,4,male,67
76,70,64,7,5,male,66
76,70,64,7,6,male,65
76,70,64,7,7,female,67
77,70,64,4,1,male,70
77,70,64,4,2,male,68
77,70,64,4,3,male,66.7
77,70,64,4,4,female,65.5
78,70,64.2,5,1,male,72
78,70,64.2,5,2,male,70
78,70,64.2,5,3,female,62.5
78,70,64.2,5,4,female,61.2
78,70,64.2,5,5,female,60.1
79,70.5,64,8,1,male,74
79,70.5,64,8,2,male,69.5
79,70.5,64,8,3,male,69
79,70.5,64,8,4,male,68
79,70.5,64,8,5,male,68
79,70.5,64,8,6,male,68
79,70.5,64,8,7,female,65.5
79,70.5,64,8,8,female,65
80,70.5,64.5,1,1,female,60
81,70,64,4,1,male,68
81,70,64,4,2,female,65
81,70,64,4,3,female,64
81,70,64,4,4,female,62
82,70,64,9,1,male,71
82,70,64,9,2,male,70
82,70,64,9,3,male,70
82,70,64,9,4,male,70
82,70,64,9,5,male,69.5
82,70,64,9,6,male,68.5
82,70,64,9,7,female,69
82,70,64,9,8,female,65
82,70,64,9,9,female,64
83,70,63.7,8,1,male,70
83,70,63.7,8,2,male,67
83,70,63.7,8,3,male,65.5
83,70,63.7,8,4,female,63.7
83,70,63.7,8,5,female,63.2
83,70,63.7,8,6,female,62.5
83,70,63.7,8,7,female,62.2
83,70,63.7,8,8,female,61
84,70.5,63,4,1,male,70
84,70.5,63,4,2,male,68.5
84,70.5,63,4,3,female,65.5
84,70.5,63,4,4,female,63.5
85,70.5,63,5,1,male,72.5
85,70.5,63,5,2,male,69
85,70.5,63,5,3,male,67
85,70.5,63,5,4,female,64.5
85,70.5,63,5,5,female,64
86,70,63.5,4,1,male,71
86,70,63.5,4,2,male,67.5
86,70,63.5,4,3,female,67.5
86,70,63.5,4,4,female,63.5
87,70,63,4,1,male,68
87,70,63,4,2,male,67
87,70,63,4,3,female,63.7
87,70,63,4,4,female,62
88,70,63,4,1,male,70
88,70,63,4,2,male,66.5
88,70,63,4,3,female,62
88,70,63,4,4,female,61
89,70.5,62,8,1,male,72
89,70.5,62,8,2,male,70
89,70.5,62,8,3,male,69.5
89,70.5,62,8,4,male,69.5
89,70.5,62,8,5,male,68
89,70.5,62,8,6,female,65
89,70.5,62,8,7,female,64
89,70.5,62,8,8,female,63
90,70.3,62.7,7,1,male,70.7
90,70.3,62.7,7,2,male,69.7
90,70.3,62.7,7,3,male,69.2
90,70.3,62.7,7,4,male,65.2
90,70.3,62.7,7,5,female,64
90,70.3,62.7,7,6,female,63.5
90,70.3,62.7,7,7,female,63.2
91,70.5,62,3,1,male,72
91,70.5,62,3,2,male,72
91,70.5,62,3,3,female,60
92,70,61,2,1,male,71.2
92,70,61,2,2,male,67
93,70,60,4,1,male,67
93,70,60,4,2,male,64.5
93,70,60,4,3,female,65
93,70,60,4,4,female,63
94,70,60,2,1,female,65
94,70,60,2,2,female,65
95,70,58.5,3,1,male,71.5
95,70,58.5,3,2,male,64.5
95,70,58.5,3,3,female,63
96,70,58,5,1,male,72
96,70,58,5,2,male,66
96,70,58,5,3,female,66
96,70,58,5,4,female,65
96,70,58,5,5,female,63
97,69,68.5,10,1,male,75
97,69,68.5,10,2,male,71
97,69,68.5,10,3,male,70
97,69,68.5,10,4,female,66
97,69,68.5,10,5,female,66
97,69,68.5,10,6,female,65.5
97,69,68.5,10,7,female,65
97,69,68.5,10,8,female,65
97,69,68.5,10,9,female,64
97,69,68.5,10,10,female,64
98,69,67,1,1,female,64
99,69,66,8,1,male,73
99,69,66,8,2,male,72
99,69,66,8,3,male,71.7
99,69,66,8,4,male,71.5
99,69,66,8,5,female,65.5
99,69,66,8,6,female,65
99,69,66,8,7,female,62.7
99,69,66,8,8,female,62.5
100,69,66,3,1,male,71.2
100,69,66,3,2,male,71
100,69,66,3,3,male,70
101,69,66.7,4,1,male,75
101,69,66.7,4,2,male,74
101,69,66.7,4,3,male,72
101,69,66.7,4,4,male,68.5
102,69,66,6,1,male,70
102,69,66,6,2,male,68.5
102,69,66,6,3,male,68
102,69,66,6,4,female,65
102,69,66,6,5,female,63
102,69,66,6,6,female,62.5
103,69,66.5,7,1,male,73
103,69,66.5,7,2,male,71
103,69,66.5,7,3,male,70.5
103,69,66.5,7,4,male,70.5
103,69,66.5,7,5,male,67
103,69,66.5,7,6,male,66
103,69,66.5,7,7,female,61
104,69.5,66.5,4,1,male,70.5
104,69.5,66.5,4,2,male,67.5
104,69.5,66.5,4,3,female,64.5
104,69.5,66.5,4,4,female,64
105,69,66.5,6,1,male,71
105,69,66.5,6,2,female,68.5
105,69,66.5,6,3,female,67.5
105,69,66.5,6,4,female,66
105,69,66.5,6,5,female,63
105,69,66.5,6,6,female,63
106,69.5,66,7,1,male,71
106,69.5,66,7,2,male,71
106,69.5,66,7,3,male,70.5
106,69.5,66,7,4,male,70.5
106,69.5,66,7,5,female,66.5
106,69.5,66,7,6,female,65.5
106,69.5,66,7,7,female,64.5
107,69,66,9,1,male,73
107,69,66,9,2,male,72
107,69,66,9,3,male,69
107,69,66,9,4,male,69
107,69,66,9,5,female,66.5
107,69,66,9,6,female,65.5
107,69,66,9,7,female,65.5
107,69,66,9,8,female,65
107,69,66,9,9,female,64
108,69,65,7,1,male,70
108,69,65,7,2,male,68.5
108,69,65,7,3,male,67
108,69,65,7,4,female,65
108,69,65,7,5,female,64
108,69,65,7,6,female,63.5
108,69,65,7,7,female,61
109,69.5,64.5,7,1,male,69.7
109,69.5,64.5,7,2,male,68
109,69.5,64.5,7,3,male,60
109,69.5,64.5,7,4,female,65.2
109,69.5,64.5,7,5,female,64.5
109,69.5,64.5,7,6,female,63.7
109,69.5,64.5,7,7,female,60
110,69.2,64,4,1,male,71.7
110,69.2,64,4,2,male,66.5
110,69.2,64,4,3,female,65
110,69.2,64,4,4,female,63.5
111,69,63.5,1,1,female,65.5
112,69,63,3,1,male,69
112,69,63,3,2,female,67.5
112,69,63,3,3,female,63.5
113,69,63,1,1,male,72
114,69,63,6,1,male,73
114,69,63,6,2,male,70
114,69,63,6,3,male,70
114,69,63,6,4,male,64
114,69,63,6,5,female,66
114,69,63,6,6,female,62
115,69,63.5,7,1,male,70.5
115,69,63.5,7,2,male,67
115,69,63.5,7,3,male,66
115,69,63.5,7,4,female,65
115,69,63.5,7,5,female,63
115,69,63.5,7,6,female,62
115,69,63.5,7,7,female,61
116,69,63.5,3,1,male,70.5
116,69,63.5,3,2,female,63.7
116,69,63.5,3,3,female,63
117,69.7,62,1,1,female,62.5
118,69.5,62,3,1,male,73
118,69.5,62,3,2,male,72
118,69.5,62,3,3,male,69
119,69,62,5,1,male,73
119,69,62,5,2,male,71
119,69,62,5,3,male,71
119,69,62,5,4,male,69
119,69,62,5,5,female,63
120,69.5,62,11,1,male,72
120,69.5,62,11,2,male,70
120,69.5,62,11,3,male,67.8
120,69.5,62,11,4,female,65.2
120,69.5,62,11,5,female,64.7
120,69.5,62,11,6,female,64.5
120,69.5,62,11,7,female,63.5
120,69.5,62,11,8,female,63.5
120,69.5,62,11,9,female,62.5
120,69.5,62,11,10,female,62
120,69.5,62,11,11,female,61.5
121,69,62.5,8,1,male,71
121,69,62.5,8,2,male,70
121,69,62.5,8,3,male,70
121,69,62.5,8,4,male,69
121,69,62.5,8,5,female,63.5
121,69,62.5,8,6,female,62.5
121,69,62.5,8,7,female,62.5
121,69,62.5,8,8,female,62
122,69,62,4,1,male,72
122,69,62,4,2,male,68
122,69,62,4,3,female,66
122,69,62,4,4,female,66
123,69.5,61,5,1,male,70
123,69.5,61,5,2,male,69.5
123,69.5,61,5,3,male,69
123,69.5,61,5,4,female,63
123,69.5,61,5,5,female,62
124,69,61,9,1,male,68
124,69,61,9,2,male,68
124,69,61,9,3,male,67.5
124,69,61,9,4,male,64
124,69,61,9,5,male,63
124,69,61,9,6,male,63
124,69,61,9,7,female,63.5
124,69,61,9,8,female,62
124,69,61,9,9,female,62
125,69,60,3,1,male,70.5
125,69,60,3,2,female,68
125,69,60,3,3,female,62.5
126,69,60,4,1,male,69
126,69,60,4,2,male,66
126,69,60,4,3,female,61.7
126,69,60,4,4,female,60.5
127,69,60.5,1,1,male,69.5
128,68.7,70.5,2,1,male,71
128,68.7,70.5,2,2,female,61.7
129,68.5,67,3,1,male,73
129,68.5,67,3,2,male,71
129,68.5,67,3,3,female,67
130,68.5,66.5,11,1,male,70
130,68.5,66.5,11,2,male,69
130,68.5,66.5,11,3,male,69
130,68.5,66.5,11,4,male,68.7
130,68.5,66.5,11,5,male,68.5
130,68.5,66.5,11,6,male,68.5
130,68.5,66.5,11,7,male,68
130,68.5,66.5,11,8,male,68
130,68.5,66.5,11,9,male,68
130,68.5,66.5,11,10,male,66.2
130,68.5,66.5,11,11,female,63.2
131,68,65,2,1,male,67.5
131,68,65,2,2,male,66
132,68,65.5,2,1,male,66
132,68,65.5,2,2,female,64
133,68,65.5,7,1,male,71.7
133,68,65.5,7,2,male,71.5
133,68,65.5,7,3,male,70.7
133,68,65.5,7,4,male,65.5
133,68,65.5,7,5,female,66.5
133,68,65.5,7,6,female,65.2
133,68,65.5,7,7,female,61.5
134,68,65,4,1,male,72
134,68,65,4,2,male,72
134,68,65,4,3,female,68
134,68,65,4,4,female,66
135,68.5,65,8,1,male,69.2
135,68.5,65,8,2,male,68
135,68.5,65,8,3,male,66
135,68.5,65,8,4,male,66
135,68.5,65,8,5,female,62
135,68.5,65,8,6,female,61.5
135,68.5,65,8,7,female,61
135,68.5,65,8,8,female,60
136A,68.5,65,8,1,male,72
136A,68.5,65,8,2,male,70.5
136A,68.5,65,8,3,male,68.7
136A,68.5,65,8,4,male,68.5
136A,68.5,65,8,5,male,67.7
136A,68.5,65,8,6,female,64
136A,68.5,65,8,7,female,63.5
136A,68.5,65,8,8,female,63
136,68,64,10,1,male,71
136,68,64,10,2,male,68
136,68,64,10,3,male,68
136,68,64,10,4,male,67
136,68,64,10,5,female,65
136,68,64,10,6,female,64
136,68,64,10,7,female,63
136,68,64,10,8,female,63
136,68,64,10,9,female,62
136,68,64,10,10,female,61
137,68,64,4,1,male,66
137,68,64,4,2,male,63
137,68,64,4,3,female,65.5
137,68,64,4,4,female,62
138,68,64,5,1,male,71.2
138,68,64,5,2,male,71.2
138,68,64,5,3,male,69
138,68,64,5,4,male,68.5
138,68,64,5,5,female,62.5
139,68,64.5,1,1,female,62
140,68,64,10,1,male,69
140,68,64,10,2,male,67
140,68,64,10,3,male,66
140,68,64,10,4,female,66
140,68,64,10,5,female,66
140,68,64,10,6,female,65
140,68,64,10,7,female,65
140,68,64,10,8,female,65
140,68,64,10,9,female,64
140,68,64,10,10,female,63
141,68,63,8,1,male,70.5
141,68,63,8,2,male,70
141,68,63,8,3,male,68
141,68,63,8,4,male,66
141,68,63,8,5,male,66
141,68,63,8,6,female,66
141,68,63,8,7,female,62
141,68,63,8,8,female,61.5
142,68.5,63.5,4,1,male,73.5
142,68.5,63.5,4,2,male,70
142,68.5,63.5,4,3,male,69.5
142,68.5,63.5,4,4,female,65.5
143,68,63,1,1,male,67
144,68,63,4,1,male,70
144,68,63,4,2,male,68
144,68,63,4,3,female,64.5
144,68,63,4,4,female,64
145,68,63,8,1,male,71
145,68,63,8,2,male,68
145,68,63,8,3,male,66
145,68,63,8,4,male,65.5
145,68,63,8,5,male,65
145,68,63,8,6,female,63
145,68,63,8,7,female,62
145,68,63,8,8,female,62
146,68,63,6,1,male,67
146,68,63,6,2,male,67
146,68,63,6,3,male,66
146,68,63,6,4,female,64
146,68,63,6,5,female,63.5
146,68,63,6,6,female,61
147,68.5,63.5,1,1,male,68.2
148,68,63,1,1,male,70
149,68.2,63.5,5,1,male,70
149,68.2,63.5,5,2,male,69
149,68.2,63.5,5,3,male,67
149,68.2,63.5,5,4,male,65.5
149,68.2,63.5,5,5,female,64.5
150,68,62.5,1,1,male,68.5
151,68.7,62,2,1,male,67.7
151,68.7,62,2,2,female,61.7
152,68,62.5,1,1,male,66.5
153,68,61,5,1,male,68.5
153,68,61,5,2,male,68
153,68,61,5,3,male,64
153,68,61,5,4,female,63.5
153,68,61,5,5,female,63
154,68,60.2,1,1,male,66.7
155,68,60,7,1,male,64
155,68,60,7,2,female,61
155,68,60,7,3,female,61
155,68,60,7,4,female,60
155,68,60,7,5,female,60
155,68,60,7,6,female,60
155,68,60,7,7,female,56
156,68,60,4,1,male,67.5
156,68,60,4,2,male,67
156,68,60,4,3,male,66.5
156,68,60,4,4,female,60
157,68.5,59,1,1,male,69
158,68,59,10,1,male,68
158,68,59,10,2,male,65
158,68,59,10,3,male,64.7
158,68,59,10,4,male,64
158,68,59,10,5,male,64
158,68,59,10,6,male,63
158,68,59,10,7,female,65
158,68,59,10,8,female,65
158,68,59,10,9,female,62
158,68,59,10,10,female,61
159,67,66.2,5,1,male,72.7
159,67,66.2,5,2,male,72.7
159,67,66.2,5,3,male,71.5
159,67,66.2,5,4,female,65.5
159,67,66.2,5,5,female,63.5
160,67,66.5,1,1,male,71
161,67,66,8,1,male,73
161,67,66,8,2,male,71
161,67,66,8,3,male,70.7
161,67,66,8,4,male,70
161,67,66,8,5,male,69
161,67,66,8,6,female,68
161,67,66,8,7,female,65.5
161,67,66,8,8,female,62
162,67,65,6,1,male,69.7
162,67,65,6,2,male,67.5
162,67,65,6,3,female,65.5
162,67,65,6,4,female,65
162,67,65,6,5,female,64.5
162,67,65,6,6,female,63.5
163,67,65.5,5,1,male,70
163,67,65.5,5,2,male,69
163,67,65.5,5,3,female,65.5
163,67,65.5,5,4,female,65.5
163,67,65.5,5,5,female,63
164,67,65.5,4,1,male,70
164,67,65.5,4,2,male,67.7
164,67,65.5,4,3,female,63
164,67,65.5,4,4,female,60
165,67,65,3,1,male,65
165,67,65,3,2,female,62
165,67,65,3,3,female,62
166,67.5,65,11,1,male,71
166,67.5,65,11,2,male,69
166,67.5,65,11,3,female,64
166,67.5,65,11,4,female,64
166,67.5,65,11,5,female,63
166,67.5,65,11,6,female,63
166,67.5,65,11,7,female,63
166,67.5,65,11,8,female,63
166,67.5,65,11,9,female,63
166,67.5,65,11,10,female,62.5
166,67.5,65,11,11,female,62
167,67,64,4,1,male,71.5
167,67,64,4,2,male,70
167,67,64,4,3,male,67
167,67,64,4,4,male,67
168,67,63.5,8,1,male,71
168,67,63.5,8,2,male,70.2
168,67,63.5,8,3,male,69.2
168,67,63.5,8,4,male,68.5
168,67,63.5,8,5,male,68
168,67,63.5,8,6,male,67
168,67,63.5,8,7,male,65.5
168,67,63.5,8,8,female,63.5
169,67,63,3,1,male,69
169,67,63,3,2,male,68
169,67,63,3,3,female,63
170,67.5,62,5,1,male,70
170,67.5,62,5,2,male,69.5
170,67.5,62,5,3,male,69
170,67.5,62,5,4,male,68.5
170,67.5,62,5,5,female,66
171,67,61,1,1,male,67
172,66,67,8,1,male,70.5
172,66,67,8,2,male,70.5
172,66,67,8,3,male,67
172,66,67,8,4,male,66
172,66,67,8,5,male,66
172,66,67,8,6,female,62
172,66,67,8,7,female,62
172,66,67,8,8,female,61.5
173,66,67,9,1,male,72
173,66,67,9,2,male,65
173,66,67,9,3,male,65
173,66,67,9,4,female,67
173,66,67,9,5,female,64
173,66,67,9,6,female,64
173,66,67,9,7,female,62
173,66,67,9,8,female,60
173,66,67,9,9,female,60
174,66,66,5,1,male,66
174,66,66,5,2,male,65
174,66,66,5,3,female,67
174,66,66,5,4,female,66.5
174,66,66,5,5,female,65.5
175,66,66,6,1,male,72
175,66,66,6,2,male,68
175,66,66,6,3,female,66
175,66,66,6,4,female,65
175,66,66,6,5,female,62
175,66,66,6,6,female,61
176,66.5,65,8,1,male,68.7
176,66.5,65,8,2,male,68.5
176,66.5,65,8,3,male,66.5
176,66.5,65,8,4,male,64.5
176,66.5,65,8,5,female,62.5
176,66.5,65,8,6,female,60.5
176,66.5,65,8,7,female,60.5
176,66.5,65,8,8,female,57.5
177,66,65.5,5,1,male,72
177,66,65.5,5,2,male,71
177,66,65.5,5,3,male,67
177,66,65.5,5,4,female,66
177,66,65.5,5,5,female,65
178,66,63,1,1,male,70
179,66,63.5,2,1,female,64.5
179,66,63.5,2,2,female,62
180,66.5,63,6,1,male,67.2
180,66.5,63,6,2,male,67
180,66.5,63,6,3,male,65
180,66.5,63,6,4,female,65
180,66.5,63,6,5,female,65
180,66.5,63,6,6,female,63
181,66.5,62.5,7,1,male,70
181,66.5,62.5,7,2,male,68
181,66.5,62.5,7,3,female,63.5
181,66.5,62.5,7,4,female,62.5
181,66.5,62.5,7,5,female,62.5
181,66.5,62.5,7,6,female,62.5
181,66.5,62.5,7,7,female,62.5
182,66,61.5,1,1,male,70
183,66,60,4,1,male,68
183,66,60,4,2,male,67
183,66,60,4,3,male,65
183,66,60,4,4,female,60
184,66,60,1,1,male,65
185,66,59,15,1,male,68
185,66,59,15,2,male,67
185,66,59,15,3,male,66.5
185,66,59,15,4,male,66
185,66,59,15,5,male,65.7
185,66,59,15,6,male,65.5
185,66,59,15,7,male,65
185,66,59,15,8,female,65
185,66,59,15,9,female,64
185,66,59,15,10,female,63
185,66,59,15,11,female,62
185,66,59,15,12,female,61
185,66,59,15,13,female,60
185,66,59,15,14,female,58
185,66,59,15,15,female,57
186,65,67,4,1,male,66.5
186,65,67,4,2,male,66
186,65,67,4,3,male,66
186,65,67,4,4,female,65
187,65,67,1,1,female,63
188,65,66,4,1,male,63
188,65,66,4,2,female,63
188,65,66,4,3,female,63
188,65,66,4,4,female,60
189,65,66,5,1,male,67
189,65,66,5,2,male,66
189,65,66,5,3,male,65
189,65,66,5,4,female,65
189,65,66,5,5,female,61
190,65,65,9,1,male,69
190,65,65,9,2,male,68
190,65,65,9,3,male,68
190,65,65,9,4,female,65
190,65,65,9,5,female,65
190,65,65,9,6,female,62
190,65,65,9,7,female,62
190,65,65,9,8,female,61
190,65,65,9,9,female,59
191,65,65.5,2,1,male,70.7
191,65,65.5,2,2,female,65.5
192,65,65,6,1,male,69.2
192,65,65,6,2,male,69
192,65,65,6,3,male,68
192,65,65,6,4,male,67.7
192,65,65,6,5,female,64.5
192,65,65,6,6,female,60.5
193,65,64,6,1,male,67
193,65,64,6,2,male,67
193,65,64,6,3,female,64
193,65,64,6,4,female,64
193,65,64,6,5,female,62.5
193,65,64,6,6,female,60.5
194,65,63,2,1,male,70
194,65,63,2,2,female,63
195,65,63,3,1,male,66
195,65,63,3,2,male,66
195,65,63,3,3,female,63
196,65.5,63,4,1,male,71
196,65.5,63,4,2,male,71
196,65.5,63,4,3,male,69
196,65.5,63,4,4,female,63.5
197,65.5,60,5,1,male,68
197,65.5,60,5,2,male,68
197,65.5,60,5,3,male,67
197,65.5,60,5,4,male,67
197,65.5,60,5,5,female,62
198,64,64,7,1,male,71.5
198,64,64,7,2,male,68
198,64,64,7,3,female,65.5
198,64,64,7,4,female,64
198,64,64,7,5,female,62
198,64,64,7,6,female,62
198,64,64,7,7,female,61
199,64,64,7,1,male,70.5
199,64,64,7,2,male,68
199,64,64,7,3,female,67
199,64,64,7,4,female,65
199,64,64,7,5,female,64
199,64,64,7,6,female,64
199,64,64,7,7,female,60
200,64,63,1,1,male,64.5
201,64,60,2,1,male,66
201,64,60,2,2,female,60
202,63,63.5,2,1,female,68.5
202,63,63.5,2,2,female,63.5
203,62,66,3,1,male,64
203,62,66,3,2,female,62
203,62,66,3,3,female,61
204,62.5,63,2,1,male,66.5
204,62.5,63,2,2,female,57
